{
    "type": "minecraft:crafting_shapeless",
    "ingredients": [
        {
            "item": "minecraft:apple"
        },
        {
            "item": "minecraft:gold_ingot"
        },
        {
            "item": "minecraft:gold_ingot"
        },
        {
            "item": "minecraft:gold_ingot"
        },
        {
            "item": "minecraft:gold_ingot"
        },
        {
            "item": "minecraft:gold_ingot"
        },
        {
            "item": "minecraft:gold_ingot"
        },
        {
            "item": "minecraft:gold_ingot"
        },
        {
            "item": "minecraft:gold_ingot"
        }
    ],
    "result": {
        "item": "minecraft:golden_apple",
        "count": 1
    }
}