{
    "type": "minecraft:crafting_shapeless",
    "ingredients": [
        {
            "item": "minecraft:carrot"
        },
        {
            "item": "minecraft:gold_nugget"
        },
        {
            "item": "minecraft:gold_nugget"
        },
        {
            "item": "minecraft:gold_nugget"
        },
        {
            "item": "minecraft:gold_nugget"
        },
        {
            "item": "minecraft:gold_nugget"
        },
        {
            "item": "minecraft:gold_nugget"
        },
        {
            "item": "minecraft:gold_nugget"
        },
        {
            "item": "minecraft:gold_nugget"
        }
    ],
    "result": {
        "item": "minecraft:golden_carrot",
        "count": 1
    }
}